{
  "subject_id": "FILE1",
  "timestamp": "20260424_141926",
  "n_trials": 38,
  "label_map": {
    "0": "MI",
    "1": "REST"
  },
  "t_window": [
    0.5,
    3.5
  ],
  "n_csp": 4,
  "cv_folds": 10,
  "best_model": "SVM (Linear)",
  "results": {
    "LDA": {
      "mean": 0.4416666666666667,
      "std": 0.2358495283014151,
      "scores": [
        0.25,
        0.75,
        0.25,
        0.5,
        0.25,
        0.75,
        0.5,
        0.5,
        0.0,
        0.6666666666666666
      ]
    },
    "SVM (RBF)": {
      "mean": 0.375,
      "std": 0.1455354099714415,
      "scores": [
        0.5,
        0.5,
        0.25,
        0.25,
        0.25,
        0.25,
        0.5,
        0.25,
        0.3333333333333333,
        0.6666666666666666
      ]
    },
    "SVM (Linear)": {
      "mean": 0.475,
      "std": 0.15388487760516156,
      "scores": [
        0.5,
        0.5,
        0.25,
        0.5,
        0.25,
        0.75,
        0.5,
        0.5,
        0.3333333333333333,
        0.6666666666666666
      ]
    },
    "Riemannian MDM": {
      "mean": 0.30833333333333335,
      "std": 0.14930394055974097,
      "scores": [
        0.25,
        0.5,
        0.25,
        0.25,
        0.5,
        0.25,
        0.5,
        0.25,
        0.0,
        0.3333333333333333
      ]
    }
  }
}