{
  "timestamp": "20260327_154609",
  "dataset": "PhysioNet EEG Motor Imagery",
  "task": "Left vs Right Fist Imagery (Runs 6,10,14)",
  "n_subjects": 10,
  "subjects": [
    "P001",
    "P002",
    "P003",
    "P004",
    "P005",
    "P006",
    "P007",
    "P008",
    "P009",
    "P010"
  ],
  "failed_subjects": [],
  "per_subject": {
    "P001": {
      "LDA": {
        "mean": 0.9800000000000001,
        "std": 0.05999999999999999
      },
      "SVM (RBF)": {
        "mean": 0.9550000000000001,
        "std": 0.09069178573608527
      },
      "SVM (Linear)": {
        "mean": 0.9800000000000001,
        "std": 0.05999999999999999
      },
      "Riemannian MDM": {
        "mean": 0.9800000000000001,
        "std": 0.05999999999999999
      }
    },
    "P002": {
      "LDA": {
        "mean": 0.9166666666666666,
        "std": 0.12909944487358058
      },
      "SVM (RBF)": {
        "mean": 0.7916666666666667,
        "std": 0.19094065395649332
      },
      "SVM (Linear)": {
        "mean": 0.8166666666666668,
        "std": 0.2
      },
      "Riemannian MDM": {
        "mean": 0.9,
        "std": 0.16583123951777
      }
    },
    "P003": {
      "LDA": {
        "mean": 0.6,
        "std": 0.2202271554554524
      },
      "SVM (RBF)": {
        "mean": 0.63,
        "std": 0.2731300056749532
      },
      "SVM (Linear)": {
        "mean": 0.54,
        "std": 0.27
      },
      "Riemannian MDM": {
        "mean": 0.525,
        "std": 0.225
      }
    },
    "P004": {
      "LDA": {
        "mean": 0.7857142857142857,
        "std": 0.26298478612350623
      },
      "SVM (RBF)": {
        "mean": 0.6666666666666666,
        "std": 0.29546842014263947
      },
      "SVM (Linear)": {
        "mean": 0.7142857142857143,
        "std": 0.26298478612350623
      },
      "Riemannian MDM": {
        "mean": 0.5,
        "std": 0.28171808490950556
      }
    },
    "P005": {
      "LDA": {
        "mean": 0.5900000000000001,
        "std": 0.128062484748657
      },
      "SVM (RBF)": {
        "mean": 0.615,
        "std": 0.18309833423600555
      },
      "SVM (Linear)": {
        "mean": 0.615,
        "std": 0.18309833423600555
      },
      "Riemannian MDM": {
        "mean": 0.48,
        "std": 0.10770329614269007
      }
    },
    "P006": {
      "LDA": {
        "mean": 0.45999999999999996,
        "std": 0.21886068628239289
      },
      "SVM (RBF)": {
        "mean": 0.385,
        "std": 0.09759610647971567
      },
      "SVM (Linear)": {
        "mean": 0.43499999999999994,
        "std": 0.136106575888162
      },
      "Riemannian MDM": {
        "mean": 0.325,
        "std": 0.12698425099200292
      }
    },
    "P007": {
      "LDA": {
        "mean": 0.975,
        "std": 0.075
      },
      "SVM (RBF)": {
        "mean": 0.975,
        "std": 0.075
      },
      "SVM (Linear)": {
        "mean": 0.975,
        "std": 0.075
      },
      "Riemannian MDM": {
        "mean": 0.825,
        "std": 0.16007810593582122
      }
    },
    "P008": {
      "LDA": {
        "mean": 0.9550000000000001,
        "std": 0.09069178573608527
      },
      "SVM (RBF)": {
        "mean": 0.975,
        "std": 0.075
      },
      "SVM (Linear)": {
        "mean": 1.0,
        "std": 0.0
      },
      "Riemannian MDM": {
        "mean": 0.67,
        "std": 0.18193405398660253
      }
    },
    "P009": {
      "LDA": {
        "mean": 0.43499999999999994,
        "std": 0.24601829200285086
      },
      "SVM (RBF)": {
        "mean": 0.45499999999999996,
        "std": 0.25044959572736386
      },
      "SVM (Linear)": {
        "mean": 0.5,
        "std": 0.2247220505424423
      },
      "Riemannian MDM": {
        "mean": 0.27,
        "std": 0.09539392014169457
      }
    },
    "P010": {
      "LDA": {
        "mean": 0.7777777777777778,
        "std": 0.3424674446093876
      },
      "SVM (RBF)": {
        "mean": 0.7222222222222222,
        "std": 0.3424674446093876
      },
      "SVM (Linear)": {
        "mean": 0.6111111111111112,
        "std": 0.31426968052735443
      },
      "Riemannian MDM": {
        "mean": 0.4444444444444444,
        "std": 0.36851386559504445
      }
    }
  },
  "aggregate": {
    "LDA": {
      "mean": 74.7515873015873,
      "std": 20.16775109057523,
      "min": 43.49999999999999,
      "max": 98.00000000000001
    },
    "SVM (RBF)": {
      "mean": 71.70555555555555,
      "std": 19.868286194241726,
      "min": 38.5,
      "max": 97.5
    },
    "SVM (Linear)": {
      "mean": 71.87063492063491,
      "std": 20.1318690713348,
      "min": 43.49999999999999,
      "max": 100.0
    },
    "Riemannian MDM": {
      "mean": 59.19444444444444,
      "std": 22.978764351268133,
      "min": 27.0,
      "max": 98.00000000000001
    }
  }
}