{
  "subject_id": "P008",
  "timestamp": "20260327_154601",
  "n_trials": 45,
  "label_map": {
    "0": "T1",
    "1": "T2"
  },
  "t_window": [
    0.5,
    3.5
  ],
  "n_csp": 4,
  "cv_folds": 10,
  "best_model": "SVM (Linear)",
  "results": {
    "LDA": {
      "mean": 0.9550000000000001,
      "std": 0.09069178573608527,
      "scores": [
        1.0,
        1.0,
        1.0,
        0.8,
        1.0,
        1.0,
        1.0,
        1.0,
        0.75,
        1.0
      ]
    },
    "SVM (RBF)": {
      "mean": 0.975,
      "std": 0.075,
      "scores": [
        1.0,
        1.0,
        1.0,
        1.0,
        1.0,
        1.0,
        1.0,
        1.0,
        0.75,
        1.0
      ]
    },
    "SVM (Linear)": {
      "mean": 1.0,
      "std": 0.0,
      "scores": [
        1.0,
        1.0,
        1.0,
        1.0,
        1.0,
        1.0,
        1.0,
        1.0,
        1.0,
        1.0
      ]
    },
    "Riemannian MDM": {
      "mean": 0.67,
      "std": 0.18193405398660253,
      "scores": [
        0.4,
        0.4,
        0.6,
        0.8,
        1.0,
        0.75,
        0.75,
        0.75,
        0.75,
        0.5
      ]
    }
  }
}