{
  "subject_id": "P004",
  "timestamp": "20260327_154542",
  "n_trials": 16,
  "label_map": {
    "0": "T1",
    "1": "T2"
  },
  "t_window": [
    0.5,
    3.5
  ],
  "n_csp": 4,
  "cv_folds": 10,
  "best_model": "LDA",
  "results": {
    "LDA": {
      "mean": 0.7857142857142857,
      "std": 0.26298478612350623,
      "scores": [
        0.3333333333333333,
        0.6666666666666666,
        0.5,
        1.0,
        1.0,
        1.0,
        1.0
      ]
    },
    "SVM (RBF)": {
      "mean": 0.6666666666666666,
      "std": 0.29546842014263947,
      "scores": [
        0.3333333333333333,
        0.3333333333333333,
        0.5,
        0.5,
        1.0,
        1.0,
        1.0
      ]
    },
    "SVM (Linear)": {
      "mean": 0.7142857142857143,
      "std": 0.26298478612350623,
      "scores": [
        0.3333333333333333,
        0.6666666666666666,
        0.5,
        0.5,
        1.0,
        1.0,
        1.0
      ]
    },
    "Riemannian MDM": {
      "mean": 0.5,
      "std": 0.28171808490950556,
      "scores": [
        0.3333333333333333,
        0.6666666666666666,
        0.5,
        0.5,
        0.0,
        1.0,
        0.5
      ]
    }
  }
}