{
  "subject_id": "P010",
  "timestamp": "20260327_154608",
  "n_trials": 18,
  "label_map": {
    "0": "T1",
    "1": "T2"
  },
  "t_window": [
    0.5,
    3.5
  ],
  "n_csp": 4,
  "cv_folds": 10,
  "best_model": "LDA",
  "results": {
    "LDA": {
      "mean": 0.7777777777777778,
      "std": 0.3424674446093876,
      "scores": [
        1.0,
        1.0,
        1.0,
        1.0,
        0.5,
        0.5,
        1.0,
        1.0,
        0.0
      ]
    },
    "SVM (RBF)": {
      "mean": 0.7222222222222222,
      "std": 0.3424674446093876,
      "scores": [
        0.5,
        0.5,
        1.0,
        1.0,
        1.0,
        1.0,
        1.0,
        0.5,
        0.0
      ]
    },
    "SVM (Linear)": {
      "mean": 0.6111111111111112,
      "std": 0.31426968052735443,
      "scores": [
        0.5,
        0.5,
        0.5,
        1.0,
        0.5,
        0.5,
        1.0,
        1.0,
        0.0
      ]
    },
    "Riemannian MDM": {
      "mean": 0.4444444444444444,
      "std": 0.36851386559504445,
      "scores": [
        0.0,
        0.5,
        1.0,
        1.0,
        0.5,
        0.5,
        0.5,
        0.0,
        0.0
      ]
    }
  }
}