{
  "subject_id": "P005",
  "timestamp": "20260327_154547",
  "n_trials": 44,
  "label_map": {
    "0": "T1",
    "1": "T2"
  },
  "t_window": [
    0.5,
    3.5
  ],
  "n_csp": 4,
  "cv_folds": 10,
  "best_model": "SVM (RBF)",
  "results": {
    "LDA": {
      "mean": 0.5900000000000001,
      "std": 0.128062484748657,
      "scores": [
        0.4,
        0.6,
        0.6,
        0.8,
        0.5,
        0.75,
        0.5,
        0.5,
        0.75,
        0.5
      ]
    },
    "SVM (RBF)": {
      "mean": 0.615,
      "std": 0.18309833423600555,
      "scores": [
        0.2,
        0.6,
        0.8,
        0.8,
        0.5,
        0.75,
        0.75,
        0.5,
        0.75,
        0.5
      ]
    },
    "SVM (Linear)": {
      "mean": 0.615,
      "std": 0.18309833423600555,
      "scores": [
        0.2,
        0.6,
        0.8,
        0.8,
        0.5,
        0.75,
        0.75,
        0.5,
        0.75,
        0.5
      ]
    },
    "Riemannian MDM": {
      "mean": 0.48,
      "std": 0.10770329614269007,
      "scores": [
        0.2,
        0.4,
        0.6,
        0.6,
        0.5,
        0.5,
        0.5,
        0.5,
        0.5,
        0.5
      ]
    }
  }
}