{
  "subject_id": "P009",
  "timestamp": "20260327_154606",
  "n_trials": 45,
  "label_map": {
    "0": "T1",
    "1": "T2"
  },
  "t_window": [
    0.5,
    3.5
  ],
  "n_csp": 4,
  "cv_folds": 10,
  "best_model": "SVM (Linear)",
  "results": {
    "LDA": {
      "mean": 0.43499999999999994,
      "std": 0.24601829200285086,
      "scores": [
        0.2,
        0.2,
        0.4,
        0.4,
        0.4,
        1.0,
        0.25,
        0.5,
        0.25,
        0.75
      ]
    },
    "SVM (RBF)": {
      "mean": 0.45499999999999996,
      "std": 0.25044959572736386,
      "scores": [
        0.2,
        0.2,
        0.6,
        0.4,
        0.4,
        1.0,
        0.25,
        0.5,
        0.25,
        0.75
      ]
    },
    "SVM (Linear)": {
      "mean": 0.5,
      "std": 0.2247220505424423,
      "scores": [
        0.6,
        0.4,
        0.4,
        0.4,
        0.2,
        1.0,
        0.5,
        0.5,
        0.25,
        0.75
      ]
    },
    "Riemannian MDM": {
      "mean": 0.27,
      "std": 0.09539392014169457,
      "scores": [
        0.2,
        0.2,
        0.2,
        0.4,
        0.2,
        0.25,
        0.25,
        0.25,
        0.25,
        0.5
      ]
    }
  }
}