{
  "subject_id": "P002",
  "timestamp": "20260327_154534",
  "n_trials": 38,
  "label_map": {
    "0": "T1",
    "1": "T2"
  },
  "t_window": [
    0.5,
    3.5
  ],
  "n_csp": 4,
  "cv_folds": 10,
  "best_model": "LDA",
  "results": {
    "LDA": {
      "mean": 0.9166666666666666,
      "std": 0.12909944487358058,
      "scores": [
        0.75,
        1.0,
        1.0,
        0.75,
        1.0,
        1.0,
        1.0,
        1.0,
        0.6666666666666666,
        1.0
      ]
    },
    "SVM (RBF)": {
      "mean": 0.7916666666666667,
      "std": 0.19094065395649332,
      "scores": [
        0.5,
        1.0,
        0.75,
        0.5,
        0.75,
        1.0,
        1.0,
        0.75,
        0.6666666666666666,
        1.0
      ]
    },
    "SVM (Linear)": {
      "mean": 0.8166666666666668,
      "std": 0.2,
      "scores": [
        0.5,
        1.0,
        1.0,
        0.5,
        0.75,
        1.0,
        1.0,
        0.75,
        0.6666666666666666,
        1.0
      ]
    },
    "Riemannian MDM": {
      "mean": 0.9,
      "std": 0.16583123951777,
      "scores": [
        0.75,
        1.0,
        1.0,
        0.5,
        0.75,
        1.0,
        1.0,
        1.0,
        1.0,
        1.0
      ]
    }
  }
}