{
  "subject_id": "P003",
  "timestamp": "20260327_154540",
  "n_trials": 45,
  "label_map": {
    "0": "T1",
    "1": "T2"
  },
  "t_window": [
    0.5,
    3.5
  ],
  "n_csp": 4,
  "cv_folds": 10,
  "best_model": "SVM (RBF)",
  "results": {
    "LDA": {
      "mean": 0.6,
      "std": 0.2202271554554524,
      "scores": [
        0.4,
        0.6,
        0.4,
        0.8,
        0.8,
        0.5,
        0.75,
        1.0,
        0.5,
        0.25
      ]
    },
    "SVM (RBF)": {
      "mean": 0.63,
      "std": 0.2731300056749532,
      "scores": [
        0.2,
        0.6,
        0.4,
        0.8,
        0.8,
        0.5,
        1.0,
        1.0,
        0.75,
        0.25
      ]
    },
    "SVM (Linear)": {
      "mean": 0.54,
      "std": 0.27,
      "scores": [
        0.0,
        0.6,
        0.4,
        0.8,
        0.6,
        0.5,
        0.75,
        1.0,
        0.5,
        0.25
      ]
    },
    "Riemannian MDM": {
      "mean": 0.525,
      "std": 0.225,
      "scores": [
        0.2,
        0.4,
        0.6,
        0.8,
        1.0,
        0.5,
        0.25,
        0.5,
        0.5,
        0.5
      ]
    }
  }
}