{
  "subject_id": "P006",
  "timestamp": "20260327_154551",
  "n_trials": 44,
  "label_map": {
    "0": "T1",
    "1": "T2"
  },
  "t_window": [
    0.5,
    3.5
  ],
  "n_csp": 4,
  "cv_folds": 10,
  "best_model": "LDA",
  "results": {
    "LDA": {
      "mean": 0.45999999999999996,
      "std": 0.21886068628239289,
      "scores": [
        0.6,
        0.4,
        0.2,
        0.4,
        0.75,
        0.75,
        0.25,
        0.25,
        0.75,
        0.25
      ]
    },
    "SVM (RBF)": {
      "mean": 0.385,
      "std": 0.09759610647971567,
      "scores": [
        0.4,
        0.4,
        0.4,
        0.4,
        0.5,
        0.25,
        0.25,
        0.25,
        0.5,
        0.5
      ]
    },
    "SVM (Linear)": {
      "mean": 0.43499999999999994,
      "std": 0.136106575888162,
      "scores": [
        0.4,
        0.4,
        0.4,
        0.4,
        0.5,
        0.5,
        0.25,
        0.25,
        0.75,
        0.5
      ]
    },
    "Riemannian MDM": {
      "mean": 0.325,
      "std": 0.12698425099200292,
      "scores": [
        0.2,
        0.4,
        0.2,
        0.2,
        0.25,
        0.5,
        0.25,
        0.5,
        0.25,
        0.5
      ]
    }
  }
}