{
  "subject_id": "P001",
  "timestamp": "20260327_154530",
  "n_trials": 41,
  "label_map": {
    "0": "T1",
    "1": "T2"
  },
  "t_window": [
    0.5,
    3.5
  ],
  "n_csp": 4,
  "cv_folds": 10,
  "best_model": "LDA",
  "results": {
    "LDA": {
      "mean": 0.9800000000000001,
      "std": 0.05999999999999999,
      "scores": [
        0.8,
        1.0,
        1.0,
        1.0,
        1.0,
        1.0,
        1.0,
        1.0,
        1.0,
        1.0
      ]
    },
    "SVM (RBF)": {
      "mean": 0.9550000000000001,
      "std": 0.09069178573608527,
      "scores": [
        0.8,
        1.0,
        1.0,
        1.0,
        1.0,
        1.0,
        0.75,
        1.0,
        1.0,
        1.0
      ]
    },
    "SVM (Linear)": {
      "mean": 0.9800000000000001,
      "std": 0.05999999999999999,
      "scores": [
        0.8,
        1.0,
        1.0,
        1.0,
        1.0,
        1.0,
        1.0,
        1.0,
        1.0,
        1.0
      ]
    },
    "Riemannian MDM": {
      "mean": 0.9800000000000001,
      "std": 0.05999999999999999,
      "scores": [
        0.8,
        1.0,
        1.0,
        1.0,
        1.0,
        1.0,
        1.0,
        1.0,
        1.0,
        1.0
      ]
    }
  }
}